segid,mutation_resid,mutated_to_resname,mutation,phenotype,d_volume,d_hydropathy_KD,d_hydropathy_WW,d_MW,d_Pi,deep_ddG,secondary_structure,secondary_structure_long,phi,psi,residue_sasa,B,C,E,G,H,T
C,29,T,A29T,S,27.5,-2.5,-0.22000000000000003,30.0,-0.40000000000000036,-1.142,C,Coil,-91.14999999999998,161.38,37.0,0,1,0,0,0,0
C,29,V,A29V,S,51.400000000000006,2.4000000000000004,-0.8600000000000001,28.0,-0.040000000000000036,-1.056,C,Coil,-91.14999999999998,161.38,37.0,0,1,0,0,0,0
C,68,V,A68V,S,51.400000000000006,2.4000000000000004,-0.8600000000000001,28.0,-0.040000000000000036,-0.228,H,AlphaHelix,-75.14999999999998,-32.30000000000001,2.3,0,0,0,0,1,0
C,69,P,A69P,S,24.10000000000001,-3.4000000000000004,-0.64,26.0,0.2999999999999998,-0.725,H,AlphaHelix,-72.87,-47.34000000000003,68.6,0,0,0,0,1,0
C,286,V,A286V,R,51.400000000000006,2.4000000000000004,-0.8600000000000001,28.0,-0.040000000000000036,-0.523,H,AlphaHelix,-98.82999999999998,-17.69999999999999,0.2,0,0,0,0,1,0
C,334,D,A334D,S,22.5,-5.3,2.08,44.0,-3.23,-2.734,H,AlphaHelix,-67.17000000000002,-16.25999999999999,0.2,0,0,0,0,1,0
C,334,V,A334V,S,51.400000000000006,2.4000000000000004,-0.8600000000000001,28.0,-0.040000000000000036,-0.806,H,AlphaHelix,-67.17000000000002,-16.25999999999999,0.2,0,0,0,0,1,0
C,451,V,A451V,S,51.400000000000006,2.4000000000000004,-0.8600000000000001,28.0,-0.040000000000000036,-0.822,C,Coil,-101.57999999999998,-15.680000000000007,1.6,0,1,0,0,0,0
C,498,G,A498G,S,-28.499999999999993,-2.2,0.8099999999999998,-14.0,-0.03000000000000025,-0.593,T,Turn,-69.75999999999999,161.64,5.2,0,0,0,0,0,1
C,527,V,A527V,S,51.400000000000006,2.4000000000000004,-0.8600000000000001,28.0,-0.040000000000000036,-1.744,H,AlphaHelix,-66.04000000000002,-49.19,1.3,0,0,0,0,1,0
C,544,V,A544V,S,51.400000000000006,2.4000000000000004,-0.8600000000000001,28.0,-0.040000000000000036,-0.158,T,Turn,-56.99000000000001,-26.680000000000007,102.3,0,0,0,0,0,1
C,628,G,A628G,S,-28.499999999999993,-2.2,0.8099999999999998,-14.0,-0.03000000000000025,-2.11,H,AlphaHelix,-61.40999999999997,-44.97000000000003,0.0,0,0,0,0,1,0
C,632,G,A632G,S,-28.499999999999993,-2.2,0.8099999999999998,-14.0,-0.03000000000000025,-1.642,H,AlphaHelix,-56.610000000000014,-40.52999999999997,1.5,0,0,0,0,1,0
C,686,T,A686T,S,27.5,-2.5,-0.22000000000000003,30.0,-0.40000000000000036,-0.307,T,Turn,-54.889999999999986,130.11,47.0,0,0,0,0,0,1
C,692,T,A692T,S,27.5,-2.5,-0.22000000000000003,30.0,-0.40000000000000036,-0.631,T,Turn,-70.39999999999998,137.27,46.3,0,0,0,0,0,1
C,753,T,A753T,S,27.5,-2.5,-0.22000000000000003,30.0,-0.40000000000000036,-1.778,E,Strand,-114.70999999999998,116.16,1.4,0,0,1,0,0,0
C,776,V,A776V,S,51.400000000000006,2.4000000000000004,-0.8600000000000001,28.0,-0.040000000000000036,-0.761,T,Turn,-59.370000000000005,-43.45999999999998,43.3,0,0,0,0,0,1
C,868,V,A868V,S,51.400000000000006,2.4000000000000004,-0.8600000000000001,28.0,-0.040000000000000036,-0.789,E,Strand,-112.00999999999999,144.13,1.7,0,0,1,0,0,0
C,902,P,A902P,S,24.10000000000001,-3.4000000000000004,-0.64,26.0,0.2999999999999998,0.139,T,Turn,-64.62,-32.420000000000016,55.9,0,0,0,0,0,1
C,934,V,A934V,S,51.400000000000006,2.4000000000000004,-0.8600000000000001,28.0,-0.040000000000000036,-1.881,H,AlphaHelix,-77.01999999999998,-14.699999999999989,0.2,0,0,0,0,1,0
C,942,T,A942T,S,27.5,-2.5,-0.22000000000000003,30.0,-0.40000000000000036,-0.072,T,Turn,-94.13999999999999,-17.139999999999986,73.1,0,0,0,0,0,1
C,943,T,A943T,S,27.5,-2.5,-0.22000000000000003,30.0,-0.40000000000000036,-0.366,T,Turn,-61.25,139.45,62.6,0,0,0,0,0,1
C,950,V,A950V,S,51.400000000000006,2.4000000000000004,-0.8600000000000001,28.0,-0.040000000000000036,-0.575,T,Turn,-88.5,33.37,0.9,0,0,0,0,0,1
C,960,E,A960E,S,49.80000000000001,-5.3,1.28,58.0,-2.78,-2.109,E,Strand,-138.79,145.51,11.0,0,0,1,0,0,0
C,974,G,A974G,S,-28.499999999999993,-2.2,0.8099999999999998,-14.0,-0.03000000000000025,-1.337,C,Coil,-60.69,141.76,1.2,0,1,0,0,0,0
C,977,T,A977T,S,27.5,-2.5,-0.22000000000000003,30.0,-0.40000000000000036,-0.038,H,AlphaHelix,-67.94999999999999,-55.14999999999998,54.0,0,0,0,0,1,0
C,977,V,A977V,S,51.400000000000006,2.4000000000000004,-0.8600000000000001,28.0,-0.040000000000000036,-0.008,H,AlphaHelix,-67.94999999999999,-55.14999999999998,54.0,0,0,0,0,1,0
C,998,V,A998V,S,51.400000000000006,2.4000000000000004,-0.8600000000000001,28.0,-0.040000000000000036,-0.025,T,Turn,-80.09000000000003,-22.660000000000025,43.5,0,0,0,0,0,1
C,1002,P,A1002P,S,24.10000000000001,-3.4000000000000004,-0.64,26.0,0.2999999999999998,-2.927,E,Strand,-155.77,164.84,5.9,0,0,1,0,0,0
C,681,G,C681G,S,-48.4,-2.9,0.9199999999999999,-46.10000000000001,0.8999999999999995,-2.503,E,Strand,-132.77,132.69,32.5,0,0,1,0,0,0
C,49,H,D49H,S,42.099999999999994,0.2999999999999998,-1.04,22.099999999999994,4.82,-0.127,H,AlphaHelix,-67.99000000000001,-18.889999999999986,73.8,0,0,0,0,1,0
C,53,N,D53N,S,3.0,0.0,-1.9800000000000002,-1.0,2.64,-0.03,H,AlphaHelix,-55.70999999999998,-29.110000000000014,49.4,0,0,0,0,1,0
C,103,E,D103E,S,27.30000000000001,0.0,-0.8,14.0,0.4500000000000002,-0.068,E,Strand,56.36,77.11,98.1,0,0,1,0,0,0
C,107,E,D107E,S,27.30000000000001,0.0,-0.8,14.0,0.4500000000000002,0.134,C,Coil,-91.48000000000002,-174.25,88.5,0,1,0,0,0,0
C,108,E,D108E,S,27.30000000000001,0.0,-0.8,14.0,0.4500000000000002,0.033,C,Coil,-69.74000000000001,156.92,146.9,0,1,0,0,0,0
C,120,G,D120G,S,-50.99999999999999,3.1,-1.2700000000000002,-58.0,3.1999999999999997,-0.325,C,Coil,41.73,41.31,77.2,0,1,0,0,0,0
C,209,N,D209N,S,3.0,0.0,-1.9800000000000002,-1.0,2.64,-0.169,E,Strand,-127.15,163.24,30.1,0,0,1,0,0,0
C,211,V,D211V,S,28.900000000000006,7.7,-2.9400000000000004,-16.0,3.19,-0.693,T,Turn,-69.76999999999998,172.64,50.1,0,0,0,0,0,1
C,270,E,D270E,S,27.30000000000001,0.0,-0.8,14.0,0.4500000000000002,-0.143,H,AlphaHelix,-67.07,-43.889999999999986,26.9,0,0,0,0,1,0
C,362,H,D362H,S,42.099999999999994,0.2999999999999998,-1.04,22.099999999999994,4.82,-0.681,C,Coil,-86.48000000000002,143.84,29.3,0,1,0,0,0,0
C,435,A,D435A,S,-22.5,5.3,-2.08,-44.0,3.23,-0.79,C,Coil,-67.73000000000002,107.54,15.3,0,1,0,0,0,0
C,435,F,D435F,R,78.80000000000001,6.3,-2.99,32.099999999999994,2.7100000000000004,-0.456,C,Coil,-67.73000000000002,107.54,15.3,0,1,0,0,0,0
C,435,G,D435G,S,-50.99999999999999,3.1,-1.2700000000000002,-58.0,3.1999999999999997,-1.329,C,Coil,-67.73000000000002,107.54,15.3,0,1,0,0,0,0
C,435,L,D435L,R,55.599999999999994,7.3,-3.1,-1.9000000000000057,3.2100000000000004,-0.161,C,Coil,-67.73000000000002,107.54,15.3,0,1,0,0,0,0
C,435,V,D435V,R,28.900000000000006,7.7,-2.9400000000000004,-16.0,3.19,-0.563,C,Coil,-67.73000000000002,107.54,15.3,0,1,0,0,0,0
C,435,Y,D435Y,R,82.5,2.2,-2.18,48.099999999999994,2.89,-0.751,C,Coil,-67.73000000000002,107.54,15.3,0,1,0,0,0,0
C,515,Y,D515Y,S,82.5,2.2,-2.18,48.099999999999994,2.89,-0.258,T,Turn,-146.47,79.01,126.4,0,0,0,0,0,1
C,520,V,D520V,S,28.900000000000006,7.7,-2.9400000000000004,-16.0,3.19,-0.366,E,Strand,-70.89999999999998,-9.79000000000002,104.8,0,0,1,0,0,0
C,543,G,D543G,S,-50.99999999999999,3.1,-1.2700000000000002,-58.0,3.1999999999999997,-0.311,T,Turn,-61.29000000000002,150.01,57.5,0,0,0,0,0,1
C,545,A,D545A,S,-22.5,5.3,-2.08,-44.0,3.23,-0.388,T,Turn,-79.44999999999999,-46.139999999999986,119.6,0,0,0,0,0,1
C,545,E,D545E,S,27.30000000000001,0.0,-0.8,14.0,0.4500000000000002,-0.067,T,Turn,-79.44999999999999,-46.139999999999986,119.6,0,0,0,0,0,1
C,571,Y,D571Y,R,82.5,2.2,-2.18,48.099999999999994,2.89,-1.331,C,Coil,-89.74000000000001,-56.19999999999999,60.7,0,1,0,0,0,0
C,595,E,D595E,R,27.30000000000001,0.0,-0.8,14.0,0.4500000000000002,-1.108,C,Coil,-62.620000000000005,159.1,17.0,0,1,0,0,0,0
C,634,G,D634G,S,-50.99999999999999,3.1,-1.2700000000000002,-58.0,3.1999999999999997,-1.059,C,Coil,-105.26999999999998,18.61,17.2,0,1,0,0,0,0
C,703,E,D703E,S,27.30000000000001,0.0,-0.8,14.0,0.4500000000000002,-0.17,E,Strand,-119.45999999999998,107.71,66.7,0,0,1,0,0,0
C,851,G,D851G,S,-50.99999999999999,3.1,-1.2700000000000002,-58.0,3.1999999999999997,-0.611,T,Turn,-86.20999999999998,30.2,95.5,0,0,0,0,0,1
C,903,N,D903N,S,3.0,0.0,-1.9800000000000002,-1.0,2.64,-1.178,T,Turn,-87.75999999999999,4.84,19.2,0,0,0,0,0,1
C,955,N,D955N,S,3.0,0.0,-1.9800000000000002,-1.0,2.64,-0.093,G,310Helix,-55.079999999999984,-35.31999999999999,132.6,0,0,0,1,0,0
C,993,G,D993G,S,-50.99999999999999,3.1,-1.2700000000000002,-58.0,3.1999999999999997,-0.658,C,Coil,-119.1,130.3,96.7,0,1,0,0,0,0
C,997,E,D997E,S,27.30000000000001,0.0,-0.8,14.0,0.4500000000000002,-0.463,T,Turn,-97.05000000000001,-162.22,62.1,0,0,0,0,0,1
C,1006,G,D1006G,S,-50.99999999999999,3.1,-1.2700000000000002,-58.0,3.1999999999999997,-2.081,T,Turn,-63.90999999999997,115.45,1.2,0,0,0,0,0,1
C,1146,G,D1146G,S,-50.99999999999999,3.1,-1.2700000000000002,-58.0,3.1999999999999997,-0.797,C,Coil,-161.22,158.35,41.7,0,1,0,0,0,0
C,66,K,E66K,S,30.19999999999999,-0.3999999999999999,0.19999999999999996,-0.9000000000000057,6.52,-0.164,H,AlphaHelix,-70.88,-36.34000000000003,124.2,0,0,0,0,1,0
C,132,D,E132D,S,-27.30000000000001,0.0,0.8,-14.0,-0.4500000000000002,-0.491,E,Strand,-129.99,138.03,63.1,0,0,1,0,0,0
C,156,D,E156D,S,-27.30000000000001,0.0,0.8,-14.0,-0.4500000000000002,0.018,T,Turn,-67.72000000000003,-33.81999999999999,174.6,0,0,0,0,0,1
C,240,G,E240G,S,-78.30000000000001,3.1,-0.4700000000000002,-72.0,2.7499999999999996,-0.707,H,AlphaHelix,-91.81,-30.920000000000016,145.1,0,0,0,0,1,0
C,250,G,E250G,S,-78.30000000000001,3.1,-0.4700000000000002,-72.0,2.7499999999999996,-0.583,H,AlphaHelix,-92.10000000000002,-14.800000000000011,148.6,0,0,0,0,1,0
C,320,D,E320D,S,-27.30000000000001,0.0,0.8,-14.0,-0.4500000000000002,-0.371,T,Turn,-61.59000000000003,133.97,105.1,0,0,0,0,0,1
C,320,G,E320G,S,-78.30000000000001,3.1,-0.4700000000000002,-72.0,2.7499999999999996,-0.881,T,Turn,-61.59000000000003,133.97,105.1,0,0,0,0,0,1
C,337,K,E337K,S,30.19999999999999,-0.3999999999999999,0.19999999999999996,-0.9000000000000057,6.52,-1.228,H,AlphaHelix,-65.82999999999998,-37.829999999999984,5.0,0,0,0,0,1,0
C,344,Q,E344Q,S,5.400000000000006,0.0,-1.4200000000000002,-0.9000000000000057,2.43,-0.058,H,AlphaHelix,-104.94999999999999,19.73,75.0,0,0,0,0,1,0
C,360,Q,E360Q,S,5.400000000000006,0.0,-1.4200000000000002,-0.9000000000000057,2.43,-0.107,C,Coil,-159.05,169.91,84.3,0,1,0,0,0,0
C,460,G,E460G,S,-78.30000000000001,3.1,-0.4700000000000002,-72.0,2.7499999999999996,-0.486,T,Turn,-79.79000000000002,-32.47000000000003,185.2,0,0,0,0,0,1
C,507,K,E507K,S,30.19999999999999,-0.3999999999999999,0.19999999999999996,-0.9000000000000057,6.52,-1.041,E,Strand,-90.75999999999999,167.92,24.7,0,0,1,0,0,0
C,563,D,E563D,S,-27.30000000000001,0.0,0.8,-14.0,-0.4500000000000002,-0.165,E,Strand,-159.98,159.33,79.1,0,0,1,0,0,0
C,639,A,E639A,S,-49.80000000000001,5.3,-1.28,-58.0,2.78,-0.288,T,Turn,-72.57999999999998,-54.68000000000001,109.3,0,0,0,0,0,1
C,639,G,E639G,S,-78.30000000000001,3.1,-0.4700000000000002,-72.0,2.7499999999999996,-0.71,T,Turn,-72.57999999999998,-54.68000000000001,109.3,0,0,0,0,0,1
C,639,K,E639K,S,30.19999999999999,-0.3999999999999999,0.19999999999999996,-0.9000000000000057,6.52,-0.055,T,Turn,-72.57999999999998,-54.68000000000001,109.3,0,0,0,0,0,1
C,639,Q,E639Q,S,5.400000000000006,0.0,-1.4200000000000002,-0.9000000000000057,2.43,-0.055,T,Turn,-72.57999999999998,-54.68000000000001,109.3,0,0,0,0,0,1
C,645,G,E645G,S,-78.30000000000001,3.1,-0.4700000000000002,-72.0,2.7499999999999996,-1.453,E,Strand,-80.68,-42.18000000000001,88.4,0,0,1,0,0,0
C,646,G,E646G,S,-78.30000000000001,3.1,-0.4700000000000002,-72.0,2.7499999999999996,-0.986,E,Strand,-156.28,137.21,37.7,0,0,1,0,0,0
C,721,D,E721D,S,-27.30000000000001,0.0,0.8,-14.0,-0.4500000000000002,-0.597,T,Turn,53.15,35.84,31.2,0,0,0,0,0,1
C,721,G,E721G,S,-78.30000000000001,3.1,-0.4700000000000002,-72.0,2.7499999999999996,-0.961,T,Turn,53.15,35.84,31.2,0,0,0,0,0,1
C,721,K,E721K,S,30.19999999999999,-0.3999999999999999,0.19999999999999996,-0.9000000000000057,6.52,-0.75,T,Turn,53.15,35.84,31.2,0,0,0,0,0,1
C,737,G,E737G,S,-78.30000000000001,3.1,-0.4700000000000002,-72.0,2.7499999999999996,-2.764,H,AlphaHelix,-74.82999999999998,-29.839999999999975,38.1,0,0,0,0,1,0
C,738,A,E738A,S,-49.80000000000001,5.3,-1.28,-58.0,2.78,-0.335,H,AlphaHelix,-103.13,11.63,107.0,0,0,0,0,1,0
C,789,K,E789K,S,30.19999999999999,-0.3999999999999999,0.19999999999999996,-0.9000000000000057,6.52,-0.7,E,Strand,-94.70999999999998,141.82,34.0,0,0,1,0,0,0
C,805,A,E805A,S,-49.80000000000001,5.3,-1.28,-58.0,2.78,-0.301,T,Turn,-71.65999999999997,69.77,173.9,0,0,0,0,0,1
C,825,G,E825G,S,-78.30000000000001,3.1,-0.4700000000000002,-72.0,2.7499999999999996,-0.522,C,Coil,-97.13999999999999,9.21,107.5,0,1,0,0,0,0
C,1011,A,E1011A,S,-49.80000000000001,5.3,-1.28,-58.0,2.78,-0.903,C,Coil,-66.14999999999998,133.32,49.4,0,1,0,0,0,0
C,1130,V,E1130V,S,1.5999999999999943,7.7,-2.14,-30.0,2.7399999999999998,-0.368,E,Strand,-136.93,141.26,58.7,0,0,1,0,0,0
C,1145,G,E1145G,S,-78.30000000000001,3.1,-0.4700000000000002,-72.0,2.7499999999999996,-0.776,C,Coil,-113.13,148.15,83.2,0,1,0,0,0,0
C,93,L,F93L,S,-23.200000000000017,1.0,-0.10999999999999999,-34.0,0.5,-0.191,T,Turn,-65.77999999999997,-30.600000000000023,216.1,0,0,0,0,0,1
C,208,L,F208L,S,-23.200000000000017,1.0,-0.10999999999999999,-34.0,0.5,-1.288,E,Strand,-94.70999999999998,129.69,2.0,0,0,1,0,0,0
C,295,L,F295L,S,-23.200000000000017,1.0,-0.10999999999999999,-34.0,0.5,-0.728,T,Turn,-133.29,13.96,61.6,0,0,0,0,0,1
C,548,L,F548L,S,-23.200000000000017,1.0,-0.10999999999999999,-34.0,0.5,-1.234,B,Bridge,-79.47000000000003,157.54,23.3,1,0,0,0,0,0
C,669,L,F669L,S,-23.200000000000017,1.0,-0.10999999999999999,-34.0,0.5,-1.754,T,Turn,50.07,60.75,23.2,0,0,0,0,0,1
C,1005,V,F1005V,S,-49.900000000000006,1.4000000000000004,0.04999999999999993,-48.099999999999994,0.47999999999999954,-1.007,B,Bridge,-102.36000000000001,122.67,24.7,1,0,0,0,0,0
C,28,R,G28R,S,113.30000000000001,-4.1,-0.1399999999999999,99.1,4.79,-0.84,C,Coil,153.53,37.39,51.5,0,1,0,0,0,0
C,95,R,G95R,S,113.30000000000001,-4.1,-0.1399999999999999,99.1,4.79,-1.256,T,Turn,94.66,0.21,15.5,0,0,0,0,0,1
C,217,S,G217S,S,28.9,-0.4,-0.8099999999999998,30.0,-0.29000000000000004,-2.338,E,Strand,-125.53,164.6,1.2,0,0,1,0,0,0
C,236,D,G236D,S,50.99999999999999,-3.1,1.2700000000000002,58.0,-3.1999999999999997,-1.46,C,Coil,115.24,-3.5299999999999727,40.8,0,1,0,0,0,0
C,426,S,G426S,S,28.9,-0.4,-0.8099999999999998,30.0,-0.29000000000000004,-0.379,H,AlphaHelix,-101.44,-13.029999999999973,50.3,0,0,0,0,1,0
C,492,S,G492S,S,28.9,-0.4,-0.8099999999999998,30.0,-0.29000000000000004,-1.682,E,Strand,-133.93,-173.5,1.6,0,0,1,0,0,0
C,516,D,G516D,S,50.99999999999999,-3.1,1.2700000000000002,58.0,-3.1999999999999997,-2.166,T,Turn,77.21,-5.310000000000002,7.4,0,0,0,0,0,1
C,546,S,G546S,S,28.9,-0.4,-0.8099999999999998,30.0,-0.29000000000000004,-2.222,T,Turn,149.0,5.76,4.6,0,0,0,0,0,1
C,560,A,G560A,S,28.499999999999993,2.2,-0.8099999999999998,14.0,0.03000000000000025,-1.593,T,Turn,68.84,18.72,32.5,0,0,0,0,0,1
C,642,S,G642S,S,28.9,-0.4,-0.8099999999999998,30.0,-0.29000000000000004,-2.495,E,Strand,169.9,-149.75,0.0,0,0,1,0,0,0
C,659,D,G659D,S,50.99999999999999,-3.1,1.2700000000000002,58.0,-3.1999999999999997,-1.253,T,Turn,112.07,-24.70999999999998,38.2,0,0,0,0,0,1
C,675,D,G675D,S,50.99999999999999,-3.1,1.2700000000000002,58.0,-3.1999999999999997,-1.562,T,Turn,77.31,6.36,1.7,0,0,0,0,0,1
C,693,V,G693V,S,79.9,4.6000000000000005,-1.67,42.0,-0.009999999999999787,-2.934,T,Turn,94.09,-0.13999999999998636,34.0,0,0,0,0,0,1
C,890,D,G890D,S,50.99999999999999,-3.1,1.2700000000000002,58.0,-3.1999999999999997,-4.432,E,Strand,-76.73000000000002,-66.88999999999999,2.5,0,0,1,0,0,0
C,945,E,G945E,S,78.30000000000001,-3.1,0.4700000000000002,72.0,-2.7499999999999996,-0.746,T,Turn,92.44,173.09,41.3,0,0,0,0,0,1
C,945,R,G945R,S,113.30000000000001,-4.1,-0.1399999999999999,99.1,4.79,-0.928,T,Turn,92.44,173.09,41.3,0,0,0,0,0,1
C,981,D,G981D,R,50.99999999999999,-3.1,1.2700000000000002,58.0,-3.1999999999999997,-1.474,H,AlphaHelix,-64.5,-42.48000000000002,8.7,0,0,0,0,1,0
C,194,Y,H194Y,S,40.400000000000006,1.9000000000000001,-1.1400000000000001,26.0,-1.9299999999999997,0.56,E,Strand,-112.93,132.4,14.5,0,0,1,0,0,0
C,317,Y,H317Y,S,40.400000000000006,1.9000000000000001,-1.1400000000000001,26.0,-1.9299999999999997,-0.015,T,Turn,56.39,31.27,87.3,0,0,0,0,0,1
C,343,Q,H343Q,S,-9.399999999999977,-0.2999999999999998,-1.1800000000000002,-9.0,-1.9399999999999995,-0.486,H,AlphaHelix,-82.49000000000001,-32.31,29.1,0,0,0,0,1,0
C,445,C,H445C,R,-44.69999999999999,5.7,-1.1500000000000001,-33.999999999999986,-2.5199999999999996,-2.395,H,AlphaHelix,-66.73000000000002,-38.06999999999999,6.6,0,0,0,0,1,0
C,445,D,H445D,R,-42.099999999999994,-0.2999999999999998,1.04,-22.099999999999994,-4.82,-2.352,H,AlphaHelix,-66.73000000000002,-38.06999999999999,6.6,0,0,0,0,1,0
C,445,F,H445F,R,36.70000000000002,6.0,-1.9500000000000002,10.0,-2.1099999999999994,-0.684,H,AlphaHelix,-66.73000000000002,-38.06999999999999,6.6,0,0,0,0,1,0
C,445,G,H445G,R,-93.1,2.8000000000000003,-0.2300000000000002,-80.1,-1.62,-3.017,H,AlphaHelix,-66.73000000000002,-38.06999999999999,6.6,0,0,0,0,1,0
C,445,L,H445L,R,13.5,7.0,-2.06,-24.0,-1.6099999999999994,-0.428,H,AlphaHelix,-66.73000000000002,-38.06999999999999,6.6,0,0,0,0,1,0
C,445,N,H445N,S,-39.099999999999994,-0.2999999999999998,-0.9400000000000002,-23.099999999999994,-2.1799999999999997,-1.948,H,AlphaHelix,-66.73000000000002,-38.06999999999999,6.6,0,0,0,0,1,0
C,445,P,H445P,R,-40.499999999999986,1.6,-1.6800000000000002,-40.099999999999994,-1.29,-2.534,H,AlphaHelix,-66.73000000000002,-38.06999999999999,6.6,0,0,0,0,1,0
C,445,R,H445R,R,20.200000000000017,-1.2999999999999998,-0.3700000000000001,19.0,3.17,-2.74,H,AlphaHelix,-66.73000000000002,-38.06999999999999,6.6,0,0,0,0,1,0
C,445,S,H445S,R,-64.19999999999999,2.4000000000000004,-1.04,-50.099999999999994,-1.9100000000000001,-1.008,H,AlphaHelix,-66.73000000000002,-38.06999999999999,6.6,0,0,0,0,1,0
C,445,T,H445T,R,-37.099999999999994,2.5,-1.26,-36.099999999999994,-1.9900000000000002,-0.45,H,AlphaHelix,-66.73000000000002,-38.06999999999999,6.6,0,0,0,0,1,0
C,445,Y,H445Y,R,40.400000000000006,1.9000000000000001,-1.1400000000000001,26.0,-1.9299999999999997,-1.509,H,AlphaHelix,-66.73000000000002,-38.06999999999999,6.6,0,0,0,0,1,0
C,533,R,H533R,S,20.200000000000017,-1.2999999999999998,-0.3700000000000001,19.0,3.17,-0.49,C,Coil,-114.43,-176.31,49.1,0,1,0,0,0,0
C,656,Q,H656Q,S,-9.399999999999977,-0.2999999999999998,-1.1800000000000002,-9.0,-1.9399999999999995,-0.158,E,Strand,-69.82999999999998,178.66,6.9,0,0,1,0,0,0
C,674,Q,H674Q,S,-9.399999999999977,-0.2999999999999998,-1.1800000000000002,-9.0,-1.9399999999999995,0.371,T,Turn,-107.84,18.97,66.1,0,0,0,0,0,1
C,674,R,H674R,S,20.200000000000017,-1.2999999999999998,-0.3700000000000001,19.0,3.17,-0.062,T,Turn,-107.84,18.97,66.1,0,0,0,0,0,1
C,749,Y,H749Y,S,40.400000000000006,1.9000000000000001,-1.1400000000000001,26.0,-1.9299999999999997,-0.363,E,Strand,-102.84000000000003,144.15,19.1,0,0,1,0,0,0
C,935,R,H935R,S,20.200000000000017,-1.2999999999999998,-0.3700000000000001,19.0,3.17,-0.125,H,AlphaHelix,-99.63999999999999,-40.889999999999986,51.9,0,0,0,0,1,0
C,1028,Y,H1028Y,R,40.400000000000006,1.9000000000000001,-1.1400000000000001,26.0,-1.9299999999999997,-0.413,C,Coil,-90.44999999999999,60.23,39.9,0,1,0,0,0,0
C,491,F,I491F,S,23.200000000000017,-1.7000000000000002,0.2300000000000001,34.0,-0.5399999999999991,-1.74,E,Strand,-132.44,124.09,20.6,0,0,1,0,0,0
C,491,L,I491L,R,0.0,-0.7000000000000002,0.1200000000000001,0.0,-0.03999999999999915,-1.671,E,Strand,-132.44,124.09,20.6,0,0,1,0,0,0
C,491,Y,I491Y,R,26.900000000000006,-5.8,1.04,50.0,-0.35999999999999943,-2.107,E,Strand,-132.44,124.09,20.6,0,0,1,0,0,0
C,506,V,I506V,S,-26.69999999999999,-0.2999999999999998,0.28,-14.099999999999994,-0.05999999999999961,-1.302,E,Strand,-108.32,111.16,3.9,0,0,1,0,0,0
C,751,V,I751V,S,-26.69999999999999,-0.2999999999999998,0.28,-14.099999999999994,-0.05999999999999961,-0.242,E,Strand,-161.65,154.98,20.6,0,0,1,0,0,0
C,783,V,I783V,S,-26.69999999999999,-0.2999999999999998,0.28,-14.099999999999994,-0.05999999999999961,-0.981,B,Bridge,-87.42000000000002,153.48,5.2,1,0,0,0,0,0
C,892,T,I892T,S,-50.599999999999994,-5.2,0.92,-12.099999999999994,-0.41999999999999993,-2.457,E,Strand,-105.75,101.99,31.1,0,0,1,0,0,0
C,910,V,I910V,S,-26.69999999999999,-0.2999999999999998,0.28,-14.099999999999994,-0.05999999999999961,-1.163,E,Strand,-111.6,85.22,0.0,0,0,1,0,0,0
C,925,V,I925V,S,-26.69999999999999,-0.2999999999999998,0.28,-14.099999999999994,-0.05999999999999961,-0.439,H,AlphaHelix,-73.35000000000002,-48.77999999999997,4.2,0,0,0,0,1,0
C,965,V,I965V,S,-26.69999999999999,-0.2999999999999998,0.28,-14.099999999999994,-0.05999999999999961,-0.418,C,Coil,-97.32999999999998,143.39,41.6,0,1,0,0,0,0
C,37,R,K37R,R,4.800000000000011,-0.6000000000000001,-0.81,28.0,1.0199999999999996,-0.36,C,Coil,-87.09000000000003,145.12,70.1,0,1,0,0,0,0
C,298,R,K298R,S,4.800000000000011,-0.6000000000000001,-0.81,28.0,1.0199999999999996,-0.203,T,Turn,-84.60000000000002,-51.59000000000003,158.9,0,0,0,0,0,1
C,309,E,K309E,S,-30.19999999999999,0.3999999999999999,-0.19999999999999996,0.9000000000000057,-6.52,-2.521,H,AlphaHelix,-76.32,-33.56,17.9,0,0,0,0,1,0
C,446,E,K446E,S,-30.19999999999999,0.3999999999999999,-0.19999999999999996,0.9000000000000057,-6.52,-2.443,H,AlphaHelix,-73.43,-11.670000000000016,2.4,0,0,0,0,1,0
C,711,R,K711R,S,4.800000000000011,-0.6000000000000001,-0.81,28.0,1.0199999999999996,-0.261,E,Strand,-120.44999999999999,162.04,5.4,0,0,1,0,0,0
C,891,T,K891T,R,-52.5,3.2,-1.7,-27.099999999999994,-4.140000000000001,-0.536,E,Strand,-134.32,134.98,45.3,0,0,1,0,0,0
C,939,Q,K939Q,S,-24.799999999999983,0.3999999999999999,-1.62,0.0,-4.09,-0.041,E,Strand,-156.19,109.63,135.4,0,0,1,0,0,0
C,944,E,K944E,S,-30.19999999999999,0.3999999999999999,-0.19999999999999996,0.9000000000000057,-6.52,-0.043,T,Turn,60.77,28.12,211.9,0,0,0,0,0,1
C,944,N,K944N,S,-54.5,0.3999999999999999,-1.3800000000000001,-14.099999999999994,-4.33,0.025,T,Turn,60.77,28.12,211.9,0,0,0,0,0,1
C,1102,R,K1102R,S,4.800000000000011,-0.6000000000000001,-0.81,28.0,1.0199999999999996,-0.622,H,AlphaHelix,-92.00999999999999,-4.850000000000023,62.2,0,0,0,0,1,0
C,48,F,L48F,S,23.200000000000017,-1.0,0.10999999999999999,34.0,-0.5,-1.172,H,AlphaHelix,-81.07,8.48,21.2,0,0,0,0,1,0
C,232,R,L232R,R,6.700000000000017,-8.3,1.69,43.0,4.779999999999999,-4.762,H,AlphaHelix,-70.87,-40.69,3.6,0,0,0,0,1,0
C,232,V,L232V,S,-26.69999999999999,0.40000000000000036,0.15999999999999992,-14.099999999999994,-0.020000000000000462,-1.941,H,AlphaHelix,-70.87,-40.69,3.6,0,0,0,0,1,0
C,235,R,L235R,S,6.700000000000017,-8.3,1.69,43.0,4.779999999999999,-1.648,H,AlphaHelix,-69.42000000000002,-24.420000000000016,37.1,0,0,0,0,1,0
C,290,F,L290F,S,23.200000000000017,-1.0,0.10999999999999999,34.0,-0.5,-0.526,H,AlphaHelix,-61.99000000000001,-33.139999999999986,25.8,0,0,0,0,1,0
C,314,V,L314V,S,-26.69999999999999,0.40000000000000036,0.15999999999999992,-14.099999999999994,-0.020000000000000462,-3.04,H,AlphaHelix,-105.94999999999999,-20.620000000000005,0.0,0,0,0,0,1,0
C,430,P,L430P,S,-53.999999999999986,-5.4,0.37999999999999995,-16.099999999999994,0.3199999999999994,-4.077,T,Turn,-113.95999999999998,-15.930000000000007,3.4,0,0,0,0,0,1
C,443,F,L443F,S,23.200000000000017,-1.0,0.10999999999999999,34.0,-0.5,-2.366,H,AlphaHelix,-60.65999999999997,-42.420000000000016,0.6,0,0,0,0,1,0
C,452,M,L452M,S,-3.799999999999983,-1.9,0.24999999999999994,18.0,-0.2400000000000002,-0.639,C,Coil,-75.30000000000001,149.95,33.0,0,1,0,0,0,0
C,452,P,L452P,R,-53.999999999999986,-5.4,0.37999999999999995,-16.099999999999994,0.3199999999999994,-2.467,C,Coil,-75.30000000000001,149.95,33.0,0,1,0,0,0,0
C,452,Q,L452Q,S,-22.899999999999977,-7.3,0.8799999999999999,15.0,-0.33000000000000007,-2.226,C,Coil,-75.30000000000001,149.95,33.0,0,1,0,0,0,0
C,893,R,L893R,S,6.700000000000017,-8.3,1.69,43.0,4.779999999999999,-3.092,E,Strand,-83.99000000000001,151.98,2.6,0,0,1,0,0,0
C,893,V,L893V,S,-26.69999999999999,0.40000000000000036,0.15999999999999992,-14.099999999999994,-0.020000000000000462,-1.32,E,Strand,-83.99000000000001,151.98,2.6,0,0,1,0,0,0
C,1004,I,L1004I,S,0.0,0.7000000000000002,-0.1200000000000001,0.0,0.03999999999999915,-1.033,C,Coil,-115.47,145.61,0.0,0,1,0,0,0,0
C,1132,V,L1132V,S,-26.69999999999999,0.40000000000000036,0.15999999999999992,-14.099999999999994,-0.020000000000000462,-1.287,E,Strand,-113.82,135.36,6.6,0,0,1,0,0,0
C,121,I,M121I,S,3.799999999999983,2.6,-0.37000000000000005,-18.0,0.27999999999999936,-0.102,C,Coil,-114.61000000000001,168.12,69.8,0,1,0,0,0,0
C,153,V,M153V,S,-22.900000000000006,2.3000000000000003,-0.09000000000000002,-32.099999999999994,0.21999999999999975,-0.539,C,Coil,-97.18,149.8,34.3,0,1,0,0,0,0
C,154,I,M154I,S,3.799999999999983,2.6,-0.37000000000000005,-18.0,0.27999999999999936,-0.311,B,Bridge,-90.04000000000002,131.53,21.4,1,0,0,0,0,0
C,390,T,M390T,S,-46.80000000000001,-2.5999999999999996,0.55,-30.099999999999994,-0.14000000000000057,-1.257,H,AlphaHelix,-75.97000000000003,-22.680000000000007,3.2,0,0,0,0,1,0
C,398,V,M398V,S,-22.900000000000006,2.3000000000000003,-0.09000000000000002,-32.099999999999994,0.21999999999999975,-1.658,H,AlphaHelix,-84.60000000000002,-49.23000000000002,2.3,0,0,0,0,1,0
C,434,I,M434I,R,3.799999999999983,2.6,-0.37000000000000005,-18.0,0.27999999999999936,-1.393,C,Coil,-62.14999999999998,126.41,2.2,0,1,0,0,0,0
C,573,T,M573T,S,-46.80000000000001,-2.5999999999999996,0.55,-30.099999999999994,-0.14000000000000057,-2.129,E,Strand,-141.36,161.67,0.0,0,0,1,0,0,0
C,587,I,M587I,S,3.799999999999983,2.6,-0.37000000000000005,-18.0,0.27999999999999936,-1.397,T,Turn,-91.38999999999999,16.96,7.4,0,0,0,0,0,1
C,624,T,M624T,S,-46.80000000000001,-2.5999999999999996,0.55,-30.099999999999994,-0.14000000000000057,-1.745,H,AlphaHelix,-70.61000000000001,-20.610000000000014,2.9,0,0,0,0,1,0
C,655,T,M655T,S,-46.80000000000001,-2.5999999999999996,0.55,-30.099999999999994,-0.14000000000000057,-1.03,E,Strand,-93.82999999999998,111.17,57.1,0,0,1,0,0,0
C,707,T,M707T,R,-46.80000000000001,-2.5999999999999996,0.55,-30.099999999999994,-0.14000000000000057,-2.838,E,Strand,-59.5,119.38,4.9,0,0,1,0,0,0
C,1070,I,M1070I,S,3.799999999999983,2.6,-0.37000000000000005,-18.0,0.27999999999999936,-1.34,H,AlphaHelix,-67.84000000000003,-46.60000000000002,0.0,0,0,0,0,1,0
C,24,D,N24D,S,-3.0,0.0,1.9800000000000002,1.0,-2.64,-1.712,T,Turn,-105.94,85.76,26.9,0,0,0,0,0,1
C,135,I,N135I,S,52.599999999999994,8.0,-1.24,-0.9000000000000057,0.6099999999999994,-0.839,E,Strand,-122.74000000000001,125.48,2.5,0,0,1,0,0,0
C,163,D,N163D,S,-3.0,0.0,1.9800000000000002,1.0,-2.64,-0.535,T,Turn,49.27,42.31,89.2,0,0,0,0,0,1
C,163,K,N163K,S,54.5,-0.3999999999999999,1.3800000000000001,14.099999999999994,4.33,-0.938,T,Turn,49.27,42.31,89.2,0,0,0,0,0,1
C,292,S,N292S,S,-25.099999999999994,2.7,-0.09999999999999998,-27.0,0.2699999999999996,-0.212,H,AlphaHelix,-74.55000000000001,-34.579999999999984,55.7,0,0,0,0,1,0
C,369,D,N369D,S,-3.0,0.0,1.9800000000000002,1.0,-2.64,-2.088,T,Turn,-119.6,-5.240000000000009,16.2,0,0,0,0,0,1
C,381,H,N381H,S,39.099999999999994,0.2999999999999998,0.9400000000000002,23.099999999999994,2.1799999999999997,-0.758,H,AlphaHelix,-55.74000000000001,-40.39999999999998,44.8,0,0,0,0,1,0
C,724,S,N724S,S,-25.099999999999994,2.7,-0.09999999999999998,-27.0,0.2699999999999996,-1.497,T,Turn,-109.31,32.4,0.0,0,0,0,0,0,1
C,963,D,N963D,S,-3.0,0.0,1.9800000000000002,1.0,-2.64,-0.162,T,Turn,59.77,53.29,110.0,0,0,0,0,0,1
C,963,S,N963S,S,-25.099999999999994,2.7,-0.09999999999999998,-27.0,0.2699999999999996,-0.567,T,Turn,59.77,53.29,110.0,0,0,0,0,0,1
C,27,H,P27H,S,40.499999999999986,-1.6,1.6800000000000002,40.099999999999994,1.29,-2.389,C,Coil,-87.22000000000003,-61.79000000000002,27.0,0,1,0,0,0,0
C,30,A,P30A,S,-24.10000000000001,3.4000000000000004,0.64,-26.0,-0.2999999999999998,-1.563,C,Coil,-62.48000000000002,137.53,35.0,0,1,0,0,0,0
C,30,S,P30S,S,-23.700000000000003,0.8,0.64,-10.0,-0.6200000000000001,-1.363,C,Coil,-62.48000000000002,137.53,35.0,0,1,0,0,0,0
C,89,S,P89S,S,-23.700000000000003,0.8,0.64,-10.0,-0.6200000000000001,-1.991,T,Turn,-97.07999999999998,157.4,69.0,0,0,0,0,0,1
C,280,L,P280L,S,53.999999999999986,5.4,-0.37999999999999995,16.099999999999994,-0.3199999999999994,-0.292,C,Coil,-59.26999999999998,119.78,72.8,0,1,0,0,0,0
C,321,S,P321S,S,-23.700000000000003,0.8,0.64,-10.0,-0.6200000000000001,-0.716,C,Coil,-60.56999999999999,161.34,102.2,0,1,0,0,0,0
C,358,L,P358L,S,53.999999999999986,5.4,-0.37999999999999995,16.099999999999994,-0.3199999999999994,-0.56,E,Strand,-64.82999999999998,128.84,88.0,0,0,1,0,0,0
C,358,S,P358S,S,-23.700000000000003,0.8,0.64,-10.0,-0.6200000000000001,-0.783,E,Strand,-64.82999999999998,128.84,88.0,0,0,1,0,0,0
C,439,L,P439L,S,53.999999999999986,5.4,-0.37999999999999995,16.099999999999994,-0.3199999999999994,-2.426,H,AlphaHelix,-53.54000000000002,-50.89999999999998,4.7,0,0,0,0,1,0
C,454,H,P454H,S,40.499999999999986,-1.6,1.6800000000000002,40.099999999999994,1.29,-0.555,T,Turn,-49.139999999999986,131.06,76.7,0,0,0,0,0,1
C,454,L,P454L,S,53.999999999999986,5.4,-0.37999999999999995,16.099999999999994,-0.3199999999999994,-0.374,T,Turn,-49.139999999999986,131.06,76.7,0,0,0,0,0,1
C,454,S,P454S,S,-23.700000000000003,0.8,0.64,-10.0,-0.6200000000000001,-0.435,T,Turn,-49.139999999999986,131.06,76.7,0,0,0,0,0,1
C,509,S,P509S,S,-23.700000000000003,0.8,0.64,-10.0,-0.6200000000000001,-3.426,E,Strand,-80.10000000000002,135.65,0.0,0,0,1,0,0,0
C,541,L,P541L,S,53.999999999999986,5.4,-0.37999999999999995,16.099999999999994,-0.3199999999999994,-0.503,C,Coil,-56.04000000000002,129.73,76.6,0,1,0,0,0,0
C,682,A,P682A,S,-24.10000000000001,3.4000000000000004,0.64,-26.0,-0.2999999999999998,-1.93,E,Strand,-56.5,138.83,18.2,0,0,1,0,0,0
C,682,T,P682T,S,3.3999999999999915,0.9000000000000001,0.42,4.0,-0.7000000000000002,-2.001,E,Strand,-56.5,138.83,18.2,0,0,1,0,0,0
C,700,L,P700L,S,53.999999999999986,5.4,-0.37999999999999995,16.099999999999994,-0.3199999999999994,-0.535,T,Turn,-69.70999999999998,144.5,14.0,0,0,0,0,0,1
C,719,S,P719S,S,-23.700000000000003,0.8,0.64,-10.0,-0.6200000000000001,-2.384,T,Turn,-60.59000000000003,139.9,1.4,0,0,0,0,0,1
C,834,L,P834L,S,53.999999999999986,5.4,-0.37999999999999995,16.099999999999994,-0.3199999999999994,-0.954,T,Turn,-58.84000000000003,151.03,53.0,0,0,0,0,0,1
C,856,L,P856L,S,53.999999999999986,5.4,-0.37999999999999995,16.099999999999994,-0.3199999999999994,-0.883,T,Turn,-64.19999999999999,157.17,70.8,0,0,0,0,0,1
C,906,L,P906L,S,53.999999999999986,5.4,-0.37999999999999995,16.099999999999994,-0.3199999999999994,-1.104,B,Bridge,-83.36000000000001,136.97,30.9,1,0,0,0,0,0
C,954,R,P954R,S,60.7,-2.9,1.31,59.099999999999994,4.46,-0.941,C,Coil,-58.76999999999998,145.48,31.3,0,1,0,0,0,0
C,988,A,P988A,S,-24.10000000000001,3.4000000000000004,0.64,-26.0,-0.2999999999999998,-0.955,C,Coil,-64.69999999999999,163.85,65.1,0,1,0,0,0,0
C,988,S,P988S,S,-23.700000000000003,0.8,0.64,-10.0,-0.6200000000000001,-1.002,C,Coil,-64.69999999999999,163.85,65.1,0,1,0,0,0,0
C,1014,R,P1014R,S,60.7,-2.9,1.31,59.099999999999994,4.46,-0.513,C,Coil,-64.09000000000003,-21.79000000000002,78.1,0,1,0,0,0,0
C,409,R,Q409R,R,29.599999999999994,-1.0,0.81,28.0,5.109999999999999,-0.674,H,AlphaHelix,-67.95999999999998,-14.759999999999991,49.8,0,0,0,0,1,0
C,432,K,Q432K,R,24.799999999999983,-0.3999999999999999,1.62,0.0,4.09,-0.829,E,Strand,-115.20999999999998,145.5,51.4,0,0,1,0,0,0
C,432,L,Q432L,R,22.899999999999977,7.3,-0.8799999999999999,-15.0,0.33000000000000007,-0.65,E,Strand,-115.20999999999998,145.5,51.4,0,0,1,0,0,0
C,432,N,Q432N,R,-29.700000000000017,0.0,0.24,-14.099999999999994,-0.2400000000000002,-2.026,E,Strand,-115.20999999999998,145.5,51.4,0,0,1,0,0,0
C,432,P,Q432P,R,-31.10000000000001,1.9,-0.5,-31.099999999999994,0.6499999999999995,-3.311,E,Strand,-115.20999999999998,145.5,51.4,0,0,1,0,0,0
C,975,H,Q975H,S,9.399999999999977,0.2999999999999998,1.1800000000000002,9.0,1.9399999999999995,0.179,C,Coil,-110.19999999999999,158.08,69.7,0,1,0,0,0,0
C,1123,H,Q1123H,S,9.399999999999977,0.2999999999999998,1.1800000000000002,9.0,1.9399999999999995,-1.336,H,AlphaHelix,-60.56999999999999,-32.77999999999997,25.5,0,0,0,0,1,0
C,225,Q,R225Q,S,-29.599999999999994,1.0,-0.81,-28.0,-5.109999999999999,-0.765,C,Coil,-76.43,134.81,75.2,0,1,0,0,0,0
C,304,C,R304C,S,-64.9,7.0,-0.78,-52.999999999999986,-5.6899999999999995,-0.528,H,AlphaHelix,-57.329999999999984,-36.370000000000005,104.8,0,0,0,0,1,0
C,448,K,R448K,R,-4.800000000000011,0.6000000000000001,0.81,-28.0,-1.0199999999999996,-1.336,E,Strand,-73.76999999999998,142.49,54.7,0,0,1,0,0,0
C,499,Q,R499Q,S,-29.599999999999994,1.0,-0.81,-28.0,-5.109999999999999,-0.57,E,Strand,-145.91,169.91,82.1,0,0,1,0,0,0
C,511,L,R511L,S,-6.700000000000017,8.3,-1.69,-43.0,-4.779999999999999,-0.23,E,Strand,-84.69999999999999,137.37,27.1,0,0,1,0,0,0
C,532,C,R532C,S,-64.9,7.0,-0.78,-52.999999999999986,-5.6899999999999995,-0.586,H,AlphaHelix,-73.22000000000003,-11.949999999999989,186.2,0,0,0,0,1,0
C,547,S,R547S,S,-84.4,3.7,-0.6699999999999999,-69.1,-5.08,-0.091,B,Bridge,-86.22000000000003,160.61,125.9,1,0,0,0,0,0
C,661,Q,R661Q,S,-29.599999999999994,1.0,-0.81,-28.0,-5.109999999999999,-0.365,E,Strand,-120.35,123.99,163.0,0,0,1,0,0,0
C,734,H,R734H,S,-20.200000000000017,1.2999999999999998,0.3700000000000001,-19.0,-3.17,-1.414,H,AlphaHelix,-56.27999999999997,-36.48000000000002,63.1,0,0,0,0,1,0
C,791,C,R791C,S,-64.9,7.0,-0.78,-52.999999999999986,-5.6899999999999995,-0.774,T,Turn,-112.43,171.42,101.4,0,0,0,0,0,1
C,952,K,R952K,S,-4.800000000000011,0.6000000000000001,0.81,-28.0,-1.0199999999999996,-0.082,T,Turn,-81.48000000000002,-14.560000000000002,174.8,0,0,0,0,0,1
C,67,F,S67F,S,100.9,3.5999999999999996,-0.9099999999999999,60.099999999999994,-0.1999999999999993,-0.061,H,AlphaHelix,-69.23000000000002,-27.870000000000005,34.1,0,0,0,0,1,0
C,98,A,S98A,S,-0.4000000000000057,2.6,0.0,-16.0,0.3200000000000003,-1.554,E,Strand,-149.67,118.49,4.0,0,0,1,0,0,0
C,195,R,S195R,S,84.4,-3.7,0.6699999999999999,69.1,5.08,-1.805,E,Strand,-124.55000000000001,144.3,13.3,0,0,1,0,0,0
C,239,R,S239R,S,84.4,-3.7,0.6699999999999999,69.1,5.08,-0.274,H,AlphaHelix,-74.04000000000002,-7.860000000000014,34.2,0,0,0,0,1,0
C,388,L,S388L,S,77.69999999999999,4.6,-1.02,26.099999999999994,0.3000000000000007,-0.068,H,AlphaHelix,-76.12,-25.399999999999977,61.6,0,0,0,0,1,0
C,441,L,S441L,R,77.69999999999999,4.6,-1.02,26.099999999999994,0.3000000000000007,0.118,H,AlphaHelix,-55.129999999999995,-41.95999999999998,0.0,0,0,0,0,1,0
C,441,M,S441M,R,73.9,2.7,-0.77,44.099999999999994,0.0600000000000005,-0.736,H,AlphaHelix,-55.129999999999995,-41.95999999999998,0.0,0,0,0,0,1,0
C,441,Q,S441Q,R,54.80000000000001,-2.7,-0.14,41.099999999999994,-0.02999999999999936,-2.857,H,AlphaHelix,-55.129999999999995,-41.95999999999998,0.0,0,0,0,0,1,0
C,441,V,S441V,R,51.0,5.0,-0.8600000000000001,12.0,0.28000000000000025,-0.657,H,AlphaHelix,-55.129999999999995,-41.95999999999998,0.0,0,0,0,0,1,0
C,441,W,S441W,R,138.8,-0.09999999999999998,-0.5700000000000001,99.1,0.20999999999999996,-1.054,H,AlphaHelix,-55.129999999999995,-41.95999999999998,0.0,0,0,0,0,1,0
C,450,C,S450C,S,19.5,3.3,-0.11000000000000001,16.10000000000001,-0.6099999999999994,-1.286,E,Strand,-111.35,148.81,7.4,0,0,1,0,0,0
C,450,F,S450F,R,100.9,3.5999999999999996,-0.9099999999999999,60.099999999999994,-0.1999999999999993,-0.63,E,Strand,-111.35,148.81,7.4,0,0,1,0,0,0
C,450,L,S450L,R,77.69999999999999,4.6,-1.02,26.099999999999994,0.3000000000000007,-0.962,E,Strand,-111.35,148.81,7.4,0,0,1,0,0,0
C,450,M,S450M,R,73.9,2.7,-0.77,44.099999999999994,0.0600000000000005,-1.068,E,Strand,-111.35,148.81,7.4,0,0,1,0,0,0
C,450,Q,S450Q,R,54.80000000000001,-2.7,-0.14,41.099999999999994,-0.02999999999999936,-4.135,E,Strand,-111.35,148.81,7.4,0,0,1,0,0,0
C,450,W,S450W,R,138.8,-0.09999999999999998,-0.5700000000000001,99.1,0.20999999999999996,-1.634,E,Strand,-111.35,148.81,7.4,0,0,1,0,0,0
C,450,Y,S450Y,R,104.6,-0.5,-0.1,76.1,-0.019999999999999574,-2.591,E,Strand,-111.35,148.81,7.4,0,0,1,0,0,0
C,493,R,S493R,R,84.4,-3.7,0.6699999999999999,69.1,5.08,-2.704,E,Strand,-122.63999999999999,137.1,1.0,0,0,1,0,0,0
C,493,W,S493W,S,138.8,-0.09999999999999998,-0.5700000000000001,99.1,0.20999999999999996,0.274,E,Strand,-122.63999999999999,137.1,1.0,0,0,1,0,0,0
C,641,R,S641R,S,84.4,-3.7,0.6699999999999999,69.1,5.08,-0.518,T,Turn,-58.97000000000003,153.81,35.2,0,0,0,0,0,1
C,672,F,S672F,S,100.9,3.5999999999999996,-0.9099999999999999,60.099999999999994,-0.1999999999999993,-0.998,T,Turn,-82.55000000000001,177.33,8.0,0,0,0,0,0,1
C,936,R,S936R,S,84.4,-3.7,0.6699999999999999,69.1,5.08,-0.674,H,AlphaHelix,-85.36000000000001,-26.0,17.1,0,0,0,0,1,0
C,984,L,S984L,S,77.69999999999999,4.6,-1.02,26.099999999999994,0.3000000000000007,0.209,H,AlphaHelix,-83.92000000000002,-23.620000000000005,77.9,0,0,0,0,1,0
C,1009,T,S1009T,S,27.099999999999994,0.10000000000000009,-0.22000000000000003,14.0,-0.08000000000000007,-0.512,T,Turn,-79.17000000000002,-40.69,15.7,0,0,0,0,0,1
C,1124,A,S1124A,S,-0.4000000000000057,2.6,0.0,-16.0,0.3200000000000003,-0.624,H,AlphaHelix,-76.44,-1.2300000000000182,0.7,0,0,0,0,1,0
C,1134,R,S1134R,S,84.4,-3.7,0.6699999999999999,69.1,5.08,-0.156,T,Turn,-61.68000000000001,-24.269999999999982,106.4,0,0,0,0,0,1
C,52,S,T52S,S,-27.099999999999994,-0.10000000000000009,0.22000000000000003,-14.0,0.08000000000000007,-0.833,H,AlphaHelix,-53.44999999999999,-65.32,37.1,0,0,0,0,1,0
C,215,A,T215A,S,-27.5,2.5,0.22000000000000003,-30.0,0.40000000000000036,-0.91,C,Coil,-126.45999999999998,126.18,26.1,0,1,0,0,0,0
C,288,K,T288K,S,52.5,-3.2,1.7,27.099999999999994,4.140000000000001,-0.05,H,AlphaHelix,-80.11000000000001,-47.22000000000003,65.2,0,0,0,0,1,0
C,347,I,T347I,S,50.599999999999994,5.2,-0.92,12.099999999999994,0.41999999999999993,-0.086,C,Coil,-111.32999999999998,-22.889999999999986,101.4,0,1,0,0,0,0
C,427,A,T427A,S,-27.5,2.5,0.22000000000000003,-30.0,0.40000000000000036,-0.292,H,AlphaHelix,-124.37,-42.79000000000002,101.0,0,0,0,0,1,0
C,427,G,T427G,S,-55.99999999999999,0.29999999999999993,1.0299999999999998,-44.0,0.3700000000000001,-0.559,H,AlphaHelix,-124.37,-42.79000000000002,101.0,0,0,0,0,1,0
C,427,N,T427N,S,-2.0,-2.8,0.32,13.0,-0.1899999999999995,-0.414,H,AlphaHelix,-124.37,-42.79000000000002,101.0,0,0,0,0,1,0
C,526,S,T526S,S,-27.099999999999994,-0.10000000000000009,0.22000000000000003,-14.0,0.08000000000000007,-1.148,C,Coil,-78.19999999999999,177.4,8.4,0,1,0,0,0,0
C,653,A,T653A,S,-27.5,2.5,0.22000000000000003,-30.0,0.40000000000000036,-1.433,E,Strand,-117.00999999999999,122.14,9.4,0,0,1,0,0,0
C,660,I,T660I,S,50.599999999999994,5.2,-0.92,12.099999999999994,0.41999999999999993,-0.298,C,Coil,-72.55000000000001,153.83,75.5,0,1,0,0,0,0
C,660,N,T660N,S,-2.0,-2.8,0.32,13.0,-0.1899999999999995,-0.446,C,Coil,-72.55000000000001,153.83,75.5,0,1,0,0,0,0
C,756,I,T756I,S,50.599999999999994,5.2,-0.92,12.099999999999994,0.41999999999999993,-0.405,E,Strand,-114.41,-175.42,60.5,0,0,1,0,0,0
C,33,L,V33L,S,26.69999999999999,-0.40000000000000036,-0.15999999999999992,14.099999999999994,0.020000000000000462,-0.143,E,Strand,-69.40999999999997,130.28,24.5,0,0,1,0,0,0
C,44,A,V44A,S,-51.400000000000006,-2.4000000000000004,0.8600000000000001,-28.0,0.040000000000000036,-1.347,C,Coil,-52.870000000000005,113.55,2.2,0,1,0,0,0,0
C,77,G,V77G,S,-79.9,-4.6000000000000005,1.67,-42.0,0.009999999999999787,-1.256,C,Coil,-119.22,122.18,48.7,0,1,0,0,0,0
C,77,M,V77M,S,22.900000000000006,-2.3000000000000003,0.09000000000000002,32.099999999999994,-0.21999999999999975,-0.549,C,Coil,-119.22,122.18,48.7,0,1,0,0,0,0
C,113,I,V113I,S,26.69999999999999,0.2999999999999998,-0.28,14.099999999999994,0.05999999999999961,0.471,H,AlphaHelix,-55.56999999999999,-55.01999999999998,44.1,0,0,0,0,1,0
C,129,G,V129G,S,-79.9,-4.6000000000000005,1.67,-42.0,0.009999999999999787,-2.976,E,Strand,-138.72,167.45,6.0,0,0,1,0,0,0
C,170,F,V170F,R,49.900000000000006,-1.4000000000000004,-0.04999999999999993,48.099999999999994,-0.47999999999999954,-1.202,C,Coil,-78.51999999999998,146.27,1.0,0,1,0,0,0,0
C,179,A,V179A,S,-51.400000000000006,-2.4000000000000004,0.8600000000000001,-28.0,0.040000000000000036,-1.866,E,Strand,-109.19999999999999,123.02,5.3,0,0,1,0,0,0
C,179,M,V179M,S,22.900000000000006,-2.3000000000000003,0.09000000000000002,32.099999999999994,-0.21999999999999975,-1.712,E,Strand,-109.19999999999999,123.02,5.3,0,0,1,0,0,0
C,198,L,V198L,S,26.69999999999999,-0.40000000000000036,-0.15999999999999992,14.099999999999994,0.020000000000000462,-0.32,E,Strand,-94.62,120.71,9.2,0,0,1,0,0,0
C,198,M,V198M,S,22.900000000000006,-2.3000000000000003,0.09000000000000002,32.099999999999994,-0.21999999999999975,-0.956,E,Strand,-94.62,120.71,9.2,0,0,1,0,0,0
C,216,I,V216I,S,26.69999999999999,0.2999999999999998,-0.28,14.099999999999994,0.05999999999999961,-0.373,E,Strand,-85.81,126.36,1.5,0,0,1,0,0,0
C,262,F,V262F,S,49.900000000000006,-1.4000000000000004,-0.04999999999999993,48.099999999999994,-0.47999999999999954,0.18,C,Coil,-126.69,153.98,89.1,0,1,0,0,0,0
C,310,G,V310G,S,-79.9,-4.6000000000000005,1.67,-42.0,0.009999999999999787,-4.66,H,AlphaHelix,-68.15999999999997,-41.30000000000001,3.6,0,0,0,0,1,0
C,332,I,V332I,S,26.69999999999999,0.2999999999999998,-0.28,14.099999999999994,0.05999999999999961,0.971,H,AlphaHelix,-61.170000000000016,-50.51999999999998,8.7,0,0,0,0,1,0
C,351,I,V351I,S,26.69999999999999,0.2999999999999998,-0.28,14.099999999999994,0.05999999999999961,-0.04,T,Turn,-67.22000000000003,131.55,2.4,0,0,0,0,0,1
C,359,A,V359A,S,-51.400000000000006,-2.4000000000000004,0.8600000000000001,-28.0,0.040000000000000036,-1.446,C,Coil,-107.36000000000001,111.3,9.4,0,1,0,0,0,0
C,496,M,V496M,R,22.900000000000006,-2.3000000000000003,0.09000000000000002,32.099999999999994,-0.21999999999999975,-0.459,T,Turn,-62.90999999999997,-58.18000000000001,0.8,0,0,0,0,0,1
C,517,M,V517M,S,22.900000000000006,-2.3000000000000003,0.09000000000000002,32.099999999999994,-0.21999999999999975,-0.625,B,Bridge,-112.63999999999999,121.55,43.9,1,0,0,0,0,0
C,534,M,V534M,S,22.900000000000006,-2.3000000000000003,0.09000000000000002,32.099999999999994,-0.21999999999999975,-0.952,C,Coil,-133.15,120.45,8.0,0,1,0,0,0,0
C,549,I,V549I,S,26.69999999999999,0.2999999999999998,-0.28,14.099999999999994,0.05999999999999961,0.1,C,Coil,-89.90999999999997,-51.670000000000016,93.1,0,1,0,0,0,0
C,613,F,V613F,S,49.900000000000006,-1.4000000000000004,-0.04999999999999993,48.099999999999994,-0.47999999999999954,-0.743,T,Turn,-48.65999999999997,-47.47000000000003,32.2,0,0,0,0,0,1
C,695,L,V695L,S,26.69999999999999,-0.40000000000000036,-0.15999999999999992,14.099999999999994,0.020000000000000462,-1.507,E,Strand,-79.89999999999998,119.89,14.2,0,0,1,0,0,0
C,841,L,V841L,S,26.69999999999999,-0.40000000000000036,-0.15999999999999992,14.099999999999994,0.020000000000000462,-2.801,E,Strand,-79.80000000000001,103.1,0.0,0,0,1,0,0,0
C,865,M,V865M,S,22.900000000000006,-2.3000000000000003,0.09000000000000002,32.099999999999994,-0.21999999999999975,-2.672,E,Strand,-121.69,121.87,0.2,0,0,1,0,0,0
C,867,A,V867A,S,-51.400000000000006,-2.4000000000000004,0.8600000000000001,-28.0,0.040000000000000036,-2.569,E,Strand,-115.69999999999999,132.35,6.5,0,0,1,0,0,0
C,895,F,V895F,S,49.900000000000006,-1.4000000000000004,-0.04999999999999993,48.099999999999994,-0.47999999999999954,-1.014,T,Turn,-59.98000000000002,-22.889999999999986,34.1,0,0,0,0,0,1
C,946,G,V946G,S,-79.9,-4.6000000000000005,1.67,-42.0,0.009999999999999787,-0.444,C,Coil,-77.64999999999998,122.58,87.5,0,1,0,0,0,0
C,1117,L,V1117L,S,26.69999999999999,-0.40000000000000036,-0.15999999999999992,14.099999999999994,0.020000000000000462,-0.305,H,AlphaHelix,-70.64999999999998,-40.24000000000001,2.2,0,0,0,0,1,0
C,1129,A,V1129A,S,-51.400000000000006,-2.4000000000000004,0.8600000000000001,-28.0,0.040000000000000036,-2.292,E,Strand,-110.55000000000001,135.36,4.6,0,0,1,0,0,0
C,308,C,Y308C,R,-85.1,3.8,-0.010000000000000009,-59.999999999999986,-0.5899999999999999,-1.361,H,AlphaHelix,-65.0,-35.81,75.7,0,0,0,0,1,0
C,572,C,Y572C,S,-85.1,3.8,-0.010000000000000009,-59.999999999999986,-0.5899999999999999,-1.543,E,Strand,-129.88,172.92,33.3,0,0,1,0,0,0
C,651,H,Y651H,S,-40.400000000000006,-1.9000000000000001,1.1400000000000001,-26.0,1.9299999999999997,-0.727,E,Strand,-152.68,170.72,80.2,0,0,1,0,0,0
